ticket_id,category,priority,creation_date,resolution_date,agent_assigned,customer_tier,description,resolution_notes
TKT-001,Technical Issue,High,2024-01-15 09:30:00,2024-01-18 14:22:00,Sarah Johnson,Enterprise,"Application crashes when uploading large files over 500MB. Critical for daily operations.","Updated file upload limits in configuration. Implemented chunked upload mechanism for large files."
TKT-002,Billing Question,Medium,2024-01-15 11:45:00,2024-01-16 16:30:00,Mike Chen,Pro,"Invoice shows incorrect pricing for additional users added mid-month.","Corrected prorated billing calculation. Issued credit for overcharge. Updated billing system logic."
TKT-003,Account Access,High,2024-01-16 08:15:00,2024-01-16 10:45:00,Lisa Rodriguez,Enterprise,"Multiple users unable to login after maintenance window. Business operations halted.","Reset authentication tokens. Cleared cache on login servers. All users can now access system."
TKT-004,Feature Request,Low,2024-01-16 14:20:00,2024-01-22 09:15:00,David Kim,Basic,"Request for dark mode theme option in user interface.","Added to product roadmap for Q2 release. Provided workaround using browser extensions."
TKT-005,Technical Issue,Medium,2024-01-17 10:00:00,2024-01-19 15:30:00,Sarah Johnson,Pro,"Data export function timing out for reports with more than 10000 records.","Optimized database queries. Implemented background processing for large exports with email notification."
TKT-006,Integration Issue,High,2024-01-17 13:45:00,2024-01-21 11:20:00,Alex Thompson,Enterprise,"Salesforce integration stopped syncing contact data since last update.","Identified API version compatibility issue. Updated integration endpoints and tested sync."
TKT-007,Performance Issue,Medium,2024-01-18 07:30:00,2024-01-20 12:10:00,Mike Chen,Pro,"Dashboard loading very slowly, taking 30+ seconds to display analytics.","Database indexing optimization. Implemented caching layer for frequently accessed data."
TKT-008,Account Access,Low,2024-01-18 16:00:00,2024-01-19 09:45:00,Lisa Rodriguez,Basic,"Forgot password reset email not being received.","Email was in spam folder. Updated email templates and sender reputation configuration."
TKT-009,Billing Question,Low,2024-01-19 12:30:00,2024-01-20 14:15:00,David Kim,Basic,"Need explanation of charges on latest invoice.","Provided detailed breakdown of usage charges. Sent documentation on pricing structure."
TKT-010,Technical Issue,High,2024-01-19 15:20:00,2024-01-23 16:45:00,Sarah Johnson,Enterprise,"API returning 500 errors for webhook endpoints affecting critical integrations.","Server capacity issue during peak hours. Added load balancing and increased server resources."
TKT-011,Feature Request,Medium,2024-01-20 09:10:00,2024-01-25 11:30:00,Alex Thompson,Pro,"Request for bulk user import functionality.","Developed CSV import tool with validation. Beta testing with select customers before full release."
TKT-012,Account Access,Medium,2024-01-20 11:50:00,2024-01-22 08:20:00,Mike Chen,Pro,"User permissions not working correctly after recent role changes.","Permission cache issue. Cleared user session data and rebuilt permission matrix."
TKT-013,Performance Issue,Low,2024-01-21 14:40:00,2024-01-23 10:15:00,Lisa Rodriguez,Basic,"Mobile app slower than web version for same functions.","Mobile app using older API endpoints. Updated to latest optimized API version."
TKT-014,Integration Issue,Medium,2024-01-22 08:25:00,2024-01-26 15:40:00,David Kim,Enterprise,"Microsoft Teams integration not posting notifications correctly.","Teams API rate limiting issue. Implemented retry logic and notification batching."
TKT-015,Technical Issue,Medium,2024-01-22 10:15:00,2024-01-24 13:50:00,Sarah Johnson,Pro,"Search function returning incomplete results for certain keywords.","Search index corruption. Rebuilt search index and updated indexing algorithm."
TKT-016,Billing Question,High,2024-01-23 16:30:00,2024-01-24 09:20:00,Alex Thompson,Enterprise,"Urgent: Credit card payment failed, need immediate resolution to avoid service disruption.","Payment processor temporary issue. Processed payment manually and updated auto-retry settings."
TKT-017,Account Access,Low,2024-01-24 13:20:00,2024-01-25 16:45:00,Mike Chen,Basic,"Cannot change email address in profile settings.","UI bug preventing email updates. Fixed validation logic and deployed patch."
TKT-018,Feature Request,Low,2024-01-25 09:45:00,2024-01-30 14:20:00,Lisa Rodriguez,Basic,"Request for keyboard shortcuts in main interface.","Added common keyboard shortcuts. Updated help documentation with shortcut reference."
TKT-019,Technical Issue,High,2024-01-25 11:30:00,2024-01-28 17:10:00,David Kim,Enterprise,"Database backup restoration needed after data corruption incident.","Restored from daily backup taken 6 hours prior. Investigated root cause and strengthened data validation."
TKT-020,Performance Issue,Medium,2024-01-26 07:50:00,2024-01-29 12:35:00,Sarah Johnson,Pro,"Report generation timing out for monthly analytics reports.","Report complexity causing timeouts. Optimized queries and added progress indicators for long-running reports."
TKT-021,Integration Issue,Low,2024-01-26 15:10:00,2024-01-28 10:55:00,Alex Thompson,Basic,"Zapier integration not triggering for certain events.","Webhook delivery failures. Updated webhook retry logic and event filtering."
TKT-022,Billing Question,Medium,2024-01-27 12:40:00,2024-01-29 15:25:00,Mike Chen,Pro,"Discrepancy between usage dashboard and billing amounts.","Billing calculation using old usage metrics. Updated billing system to match dashboard calculations."
TKT-023,Account Access,High,2024-01-28 08:15:00,2024-01-28 11:40:00,Lisa Rodriguez,Enterprise,"Admin cannot access user management after security update.","Security update changed admin permission structure. Updated admin role permissions."
TKT-024,Technical Issue,Medium,2024-01-28 14:25:00,2024-01-31 09:15:00,David Kim,Pro,"Email notifications not being sent for certain system events.","Email queue processing issue. Fixed queue worker and implemented monitoring alerts."
TKT-025,Feature Request,Medium,2024-01-29 10:35:00,2024-02-02 16:50:00,Sarah Johnson,Enterprise,"Request for single sign-on (SSO) integration with Azure AD.","Implemented SAML-based SSO. Conducted testing with customer's Azure AD environment."
TKT-026,Performance Issue,Low,2024-01-29 16:20:00,2024-01-31 14:30:00,Alex Thompson,Basic,"Page refresh required to see updated data in real-time views.","WebSocket connection issues. Updated real-time sync mechanism and connection handling."
TKT-027,Integration Issue,High,2024-01-30 09:00:00,2024-02-02 13:45:00,Mike Chen,Enterprise,"Google Analytics integration showing incorrect conversion data.","Analytics tracking code outdated. Updated to GA4 implementation and verified data accuracy."
TKT-028,Account Access,Medium,2024-01-30 13:15:00,2024-02-01 10:20:00,Lisa Rodriguez,Pro,"Two-factor authentication setup failing for multiple users.","2FA service provider API changes. Updated authentication flow to handle new API requirements."
TKT-029,Billing Question,Low,2024-01-31 11:45:00,2024-02-01 15:10:00,David Kim,Basic,"Question about upgrade pricing and feature differences.","Provided detailed comparison chart. Scheduled demo call to review pro features."
TKT-030,Technical Issue,High,2024-02-01 07:30:00,2024-02-04 12:15:00,Sarah Johnson,Enterprise,"Critical system outage affecting all users during peak hours.","Load balancer failure during traffic spike. Implemented redundant load balancers and auto-scaling."
TKT-031,Feature Request,Low,2024-02-01 14:50:00,2024-02-05 09:30:00,Alex Thompson,Pro,"Request for custom branding options in reports.","Added logo upload and color customization options. Updated report templates accordingly."
TKT-032,Performance Issue,Medium,2024-02-02 08:40:00,2024-02-04 16:25:00,Mike Chen,Enterprise,"Slow query performance affecting dashboard load times.","Database optimization and query restructuring. Added performance monitoring for ongoing optimization."
TKT-033,Integration Issue,Medium,2024-02-02 12:20:00,2024-02-06 11:10:00,Lisa Rodriguez,Pro,"Slack integration commands not responding correctly.","Slack API token expired. Updated token management system with automatic renewal."
TKT-034,Account Access,Low,2024-02-03 15:30:00,2024-02-04 13:45:00,David Kim,Basic,"Profile picture upload not working in account settings.","File size validation too restrictive. Updated image processing to handle various formats and sizes."
TKT-035,Billing Question,High,2024-02-03 17:15:00,2024-02-04 08:30:00,Sarah Johnson,Enterprise,"Billing dispute - charged for users that were deactivated last month.","Identified billing system delay in processing deactivations. Issued refund and fixed timing issue."
TKT-036,Technical Issue,Medium,2024-02-04 10:25:00,2024-02-07 14:40:00,Alex Thompson,Pro,"Data visualization charts not rendering correctly in Chrome browser.","Browser compatibility issue with chart library. Updated to latest version with Chrome fixes."
TKT-037,Feature Request,Medium,2024-02-04 13:10:00,2024-02-08 10:55:00,Mike Chen,Enterprise,"Request for advanced filtering options in data tables.","Implemented multi-column filtering with date ranges and custom operators."
TKT-038,Performance Issue,High,2024-02-05 09:20:00,2024-02-07 15:20:00,Lisa Rodriguez,Pro,"System becomes unresponsive during daily backup process.","Backup process using too many system resources. Moved to off-peak hours and optimized process."
TKT-039,Integration Issue,Low,2024-02-05 16:45:00,2024-02-07 12:30:00,David Kim,Basic,"HubSpot contact sync creating duplicate entries.","Duplicate detection logic not working for contacts with similar names. Enhanced matching algorithm."
TKT-040,Account Access,Medium,2024-02-06 11:30:00,2024-02-08 09:15:00,Sarah Johnson,Pro,"Users unable to reset passwords using security questions.","Security question validation too strict. Updated validation logic and improved error messages."
TKT-041,Technical Issue,Low,2024-02-06 14:20:00,2024-02-08 16:10:00,Alex Thompson,Basic,"Mobile app notification badges not updating correctly.","Push notification service configuration issue. Updated notification handling and badge counting."
TKT-042,Billing Question,Medium,2024-02-07 08:50:00,2024-02-09 13:25:00,Mike Chen,Pro,"Auto-renewal notification not received before billing.","Email notification system missing renewal reminders. Implemented 30/15/7 day reminder sequence."
TKT-043,Feature Request,High,2024-02-07 12:40:00,2024-02-11 17:30:00,Lisa Rodriguez,Enterprise,"Urgent request for audit trail functionality for compliance requirements.","Developed comprehensive audit logging system. Implemented user action tracking and export capabilities."
TKT-044,Performance Issue,Medium,2024-02-08 07:15:00,2024-02-10 14:50:00,David Kim,Pro,"Large file uploads failing intermittently.","Network timeout issues with large files. Implemented chunked upload with resume capability."
TKT-045,Integration Issue,High,2024-02-08 15:30:00,2024-02-11 11:45:00,Sarah Johnson,Enterprise,"Webhook endpoints timing out causing integration failures.","Increased webhook timeout limits. Implemented async processing for webhook handlers."
TKT-046,Account Access,Low,2024-02-09 10:10:00,2024-02-10 12:20:00,Alex Thompson,Basic,"Cannot update company information in account profile.","Form validation preventing updates with certain characters. Fixed validation regex patterns."
TKT-047,Technical Issue,Medium,2024-02-09 13:55:00,2024-02-12 10:30:00,Mike Chen,Enterprise,"Session timeout occurring too frequently during active use.","Session management too aggressive. Extended timeout for active users and improved activity detection."
TKT-048,Billing Question,Low,2024-02-10 09:30:00,2024-02-11 14:15:00,Lisa Rodriguez,Basic,"Need invoice in different currency for accounting requirements.","Added multi-currency invoice generation. Configured automatic currency conversion based on location."
TKT-049,Feature Request,Medium,2024-02-10 16:20:00,2024-02-14 13:40:00,David Kim,Pro,"Request for automated data backup scheduling options.","Implemented flexible backup scheduling with multiple frequency options and retention policies."
TKT-050,Performance Issue,High,2024-02-11 08:45:00,2024-02-13 16:55:00,Sarah Johnson,Enterprise,"Critical performance degradation during month-end processing.","Resource contention during batch processing. Implemented queue management and resource allocation."